标题	LoveLive!SuperStar!!第二季
主演	伊达小百合/黎狱/岬奈子/青山渚
时间	2022/7/19 9:30:32
类型	动漫片
剧情	动漫片
     第1集	http://aqdygg.com/dongman/LoveLiveSuperStardierji/player-0-0.html
==================================================
标题	卡片战斗先导者overDress3
主演	苍井翔太/小野友树/内田雄马/伊藤昌弘/森嶋秀太/中岛由贵
时间	2022/7/19 9:27:15
类型	动漫片
剧情	动漫片
     第3集	http://aqdygg.com/dongman/kapianzhandouxiandaozheoverDress3/player-0-2.html
     第2集	http://aqdygg.com/dongman/kapianzhandouxiandaozheoverDress3/player-0-1.html
     第1集	http://aqdygg.com/dongman/kapianzhandouxiandaozheoverDress3/player-0-0.html
==================================================
标题	仙武苍穹
主演	
时间	2022/7/19 9:27:13
类型	动漫片
剧情	动漫片
     第12集	http://aqdygg.com/dongman/xianwucangkong/player-0-11.html
     第11集	http://aqdygg.com/dongman/xianwucangkong/player-0-10.html
     第10集	http://aqdygg.com/dongman/xianwucangkong/player-0-9.html
     第9集	http://aqdygg.com/dongman/xianwucangkong/player-0-8.html
     第8集	http://aqdygg.com/dongman/xianwucangkong/player-0-7.html
     第7集	http://aqdygg.com/dongman/xianwucangkong/player-0-6.html
     第6集	http://aqdygg.com/dongman/xianwucangkong/player-0-5.html
     第5集	http://aqdygg.com/dongman/xianwucangkong/player-0-4.html
     第4集	http://aqdygg.com/dongman/xianwucangkong/player-0-3.html
     第3集	http://aqdygg.com/dongman/xianwucangkong/player-0-2.html
     第2集	http://aqdygg.com/dongman/xianwucangkong/player-0-1.html
     第1集	http://aqdygg.com/dongman/xianwucangkong/player-0-0.html
==================================================
标题	极道龙神
主演	陶有量/李鑫/李晶/苗浩生/王春瑞
时间	2022/7/19 9:27:12
类型	动漫片
剧情	动漫片
     第6集	http://aqdygg.com/dongman/jidaolongshen/player-0-5.html
     第5集	http://aqdygg.com/dongman/jidaolongshen/player-0-4.html
     第4集	http://aqdygg.com/dongman/jidaolongshen/player-0-3.html
     第3集	http://aqdygg.com/dongman/jidaolongshen/player-0-2.html
     第2集	http://aqdygg.com/dongman/jidaolongshen/player-0-1.html
     第1集	http://aqdygg.com/dongman/jidaolongshen/player-0-0.html
==================================================
标题	神级龙卫
主演	阿旦/温遇/冷离/闷狐鹿/魔王/糖醋里脊/万宝鹿/嘉褀/花信/黄师兄/邓邓/乏糕/狸花
时间	2022/7/19 9:27:12
类型	动漫片
剧情	动漫片
     第5集	http://aqdygg.com/dongman/shenjilongwei/player-0-4.html
     第4集	http://aqdygg.com/dongman/shenjilongwei/player-0-3.html
     第3集	http://aqdygg.com/dongman/shenjilongwei/player-0-2.html
     第2集	http://aqdygg.com/dongman/shenjilongwei/player-0-1.html
     第1集	http://aqdygg.com/dongman/shenjilongwei/player-0-0.html
==================================================
标题	东方少年2
主演	内田雄马/齐藤壮马/高桥李依/安野希世乃/日野聪/石谷春贵/大西沙织/前野智昭/花江夏树/中岛良树/内山昂辉/梶原岳人/下野纮/新垣樽助/和气杏未/杉田智和/羽多野涉/小西克幸/桑岛法子
时间	2022/7/19 9:27:12
类型	动漫片
剧情	动漫片
     第3集	http://aqdygg.com/dongman/dongfangshaonian2/player-0-2.html
     第2集	http://aqdygg.com/dongman/dongfangshaonian2/player-0-1.html
     第1集	http://aqdygg.com/dongman/dongfangshaonian2/player-0-0.html
==================================================
标题	欢迎来到实力至上主义教室2
主演	千叶翔也/鬼头明里/久保由利香/日高里菜/东山奈央/梅原裕一郎/水中雅章/竹达彩奈/逢坂良太/日野聪/小松未可子/小原好美/佐藤利奈
时间	2022/7/19 9:27:04
类型	动漫片
剧情	动漫片
     第3集	http://aqdygg.com/dongman/huanyinglaidaoshilizhishangzhuyijiaoshi2/player-0-2.html
     第2集	http://aqdygg.com/dongman/huanyinglaidaoshilizhishangzhuyijiaoshi2/player-0-1.html
     第1集	http://aqdygg.com/dongman/huanyinglaidaoshilizhishangzhuyijiaoshi2/player-0-0.html
==================================================
标题	转生贤者的异世界生活·获得第二职业，并成为世界最强
主演	小林千晃
时间	2022/7/19 9:27:04
类型	动漫片
剧情	动漫片
     第4集	http://aqdygg.com/dongman/zhuanshengxianzhedeyishijieshenghuohuodedierzhiyebingchengweishijiezuiqiang/player-0-3.html
     第3集	http://aqdygg.com/dongman/zhuanshengxianzhedeyishijieshenghuohuodedierzhiyebingchengweishijiezuiqiang/player-0-2.html
     第2集	http://aqdygg.com/dongman/zhuanshengxianzhedeyishijieshenghuohuodedierzhiyebingchengweishijiezuiqiang/player-0-1.html
     第1集	http://aqdygg.com/dongman/zhuanshengxianzhedeyishijieshenghuohuodedierzhiyebingchengweishijiezuiqiang/player-0-0.html
==================================================
标题	顶点
主演	佐佐木未来/寺川爱美/伊藤彩沙
时间	2022/7/19 9:26:56
类型	动漫片
剧情	动漫片
     第2集	http://aqdygg.com/dongman/dingdian/player-0-1.html
     第1集	http://aqdygg.com/dongman/dingdian/player-0-0.html
==================================================
标题	王者天下第四季
主演	森田成一/福山润/钉宫理惠/日笠阳子/宫田幸季/玄田哲章/诹访部顺一/仲野裕/伊藤健太郎/楠大典/加藤亮夫/堀内贤雄/伊藤和晃/细谷佳正/野岛裕史/森川智之/浪川大辅/田中敦子
时间	2022/7/19 9:26:49
类型	动漫片
剧情	动漫片
     第15集	http://aqdygg.com/dongman/wangzhetianxiadisiji/player-0-14.html
     第14集	http://aqdygg.com/dongman/wangzhetianxiadisiji/player-0-13.html
     第13集	http://aqdygg.com/dongman/wangzhetianxiadisiji/player-0-12.html
     第12集	http://aqdygg.com/dongman/wangzhetianxiadisiji/player-0-11.html
     第11集	http://aqdygg.com/dongman/wangzhetianxiadisiji/player-0-10.html
     第10集	http://aqdygg.com/dongman/wangzhetianxiadisiji/player-0-9.html
     第9集	http://aqdygg.com/dongman/wangzhetianxiadisiji/player-0-8.html
     第8集	http://aqdygg.com/dongman/wangzhetianxiadisiji/player-0-7.html
     第7集	http://aqdygg.com/dongman/wangzhetianxiadisiji/player-0-6.html
     第6集	http://aqdygg.com/dongman/wangzhetianxiadisiji/player-0-5.html
     第5集	http://aqdygg.com/dongman/wangzhetianxiadisiji/player-0-4.html
     第4集	http://aqdygg.com/dongman/wangzhetianxiadisiji/player-0-3.html
     第3集	http://aqdygg.com/dongman/wangzhetianxiadisiji/player-0-2.html
     第2集	http://aqdygg.com/dongman/wangzhetianxiadisiji/player-0-1.html
     第1集	http://aqdygg.com/dongman/wangzhetianxiadisiji/player-0-0.html
==================================================
标题	九天玄帝诀第二季
主演	
时间	2022/7/19 9:26:49
类型	动漫片
剧情	动漫片
     第23集	http://aqdygg.com/dongman/jiutianxuandijuedierji/player-0-22.html
     第22集	http://aqdygg.com/dongman/jiutianxuandijuedierji/player-0-21.html
     第21集	http://aqdygg.com/dongman/jiutianxuandijuedierji/player-0-20.html
     第20集	http://aqdygg.com/dongman/jiutianxuandijuedierji/player-0-19.html
     第19集	http://aqdygg.com/dongman/jiutianxuandijuedierji/player-0-18.html
     第18集	http://aqdygg.com/dongman/jiutianxuandijuedierji/player-0-17.html
     第17集	http://aqdygg.com/dongman/jiutianxuandijuedierji/player-0-16.html
     第16集	http://aqdygg.com/dongman/jiutianxuandijuedierji/player-0-15.html
     第15集	http://aqdygg.com/dongman/jiutianxuandijuedierji/player-0-14.html
     第14集	http://aqdygg.com/dongman/jiutianxuandijuedierji/player-0-13.html
     第13集	http://aqdygg.com/dongman/jiutianxuandijuedierji/player-0-12.html
     第12集	http://aqdygg.com/dongman/jiutianxuandijuedierji/player-0-11.html
     第11集	http://aqdygg.com/dongman/jiutianxuandijuedierji/player-0-10.html
     第10集	http://aqdygg.com/dongman/jiutianxuandijuedierji/player-0-9.html
     第9集	http://aqdygg.com/dongman/jiutianxuandijuedierji/player-0-8.html
     第8集	http://aqdygg.com/dongman/jiutianxuandijuedierji/player-0-7.html
     第7集	http://aqdygg.com/dongman/jiutianxuandijuedierji/player-0-6.html
     第6集	http://aqdygg.com/dongman/jiutianxuandijuedierji/player-0-5.html
     第5集	http://aqdygg.com/dongman/jiutianxuandijuedierji/player-0-4.html
     第4集	http://aqdygg.com/dongman/jiutianxuandijuedierji/player-0-3.html
     第3集	http://aqdygg.com/dongman/jiutianxuandijuedierji/player-0-2.html
     第2集	http://aqdygg.com/dongman/jiutianxuandijuedierji/player-0-1.html
     第1集	http://aqdygg.com/dongman/jiutianxuandijuedierji/player-0-0.html
==================================================
标题	书灵记第三季
主演	
时间	2022/7/19 9:26:49
类型	动漫片
剧情	动漫片
     第21集	http://aqdygg.com/dongman/shulingjidisanji/player-0-20.html
     第20集	http://aqdygg.com/dongman/shulingjidisanji/player-0-19.html
     第19集	http://aqdygg.com/dongman/shulingjidisanji/player-0-18.html
     第18集	http://aqdygg.com/dongman/shulingjidisanji/player-0-17.html
     第17集	http://aqdygg.com/dongman/shulingjidisanji/player-0-16.html
     第16集	http://aqdygg.com/dongman/shulingjidisanji/player-0-15.html
     第15集	http://aqdygg.com/dongman/shulingjidisanji/player-0-14.html
     第14集	http://aqdygg.com/dongman/shulingjidisanji/player-0-13.html
     第13集	http://aqdygg.com/dongman/shulingjidisanji/player-0-12.html
     第12集	http://aqdygg.com/dongman/shulingjidisanji/player-0-11.html
     第11集	http://aqdygg.com/dongman/shulingjidisanji/player-0-10.html
     第10集	http://aqdygg.com/dongman/shulingjidisanji/player-0-9.html
     第9集	http://aqdygg.com/dongman/shulingjidisanji/player-0-8.html
     第8集	http://aqdygg.com/dongman/shulingjidisanji/player-0-7.html
     第7集	http://aqdygg.com/dongman/shulingjidisanji/player-0-6.html
     第6集	http://aqdygg.com/dongman/shulingjidisanji/player-0-5.html
     第5集	http://aqdygg.com/dongman/shulingjidisanji/player-0-4.html
     第4集	http://aqdygg.com/dongman/shulingjidisanji/player-0-3.html
     第3集	http://aqdygg.com/dongman/shulingjidisanji/player-0-2.html
     第2集	http://aqdygg.com/dongman/shulingjidisanji/player-0-1.html
     第1集	http://aqdygg.com/dongman/shulingjidisanji/player-0-0.html
==================================================
标题	氪金玩家第三季
主演	
时间	2022/7/19 9:26:48
类型	动漫片
剧情	动漫片
     第35集	http://aqdygg.com/dongman/kejinwanjiadisanji/player-0-34.html
     第34集	http://aqdygg.com/dongman/kejinwanjiadisanji/player-0-33.html
     第33集	http://aqdygg.com/dongman/kejinwanjiadisanji/player-0-32.html
     第32集	http://aqdygg.com/dongman/kejinwanjiadisanji/player-0-31.html
     第31集	http://aqdygg.com/dongman/kejinwanjiadisanji/player-0-30.html
     第30集	http://aqdygg.com/dongman/kejinwanjiadisanji/player-0-29.html
     第29集	http://aqdygg.com/dongman/kejinwanjiadisanji/player-0-28.html
     第28集	http://aqdygg.com/dongman/kejinwanjiadisanji/player-0-27.html
     第27集	http://aqdygg.com/dongman/kejinwanjiadisanji/player-0-26.html
     第26集	http://aqdygg.com/dongman/kejinwanjiadisanji/player-0-25.html
     第25集	http://aqdygg.com/dongman/kejinwanjiadisanji/player-0-24.html
     第24集	http://aqdygg.com/dongman/kejinwanjiadisanji/player-0-23.html
     第23集	http://aqdygg.com/dongman/kejinwanjiadisanji/player-0-22.html
     第22集	http://aqdygg.com/dongman/kejinwanjiadisanji/player-0-21.html
     第21集	http://aqdygg.com/dongman/kejinwanjiadisanji/player-0-20.html
     第20集	http://aqdygg.com/dongman/kejinwanjiadisanji/player-0-19.html
     第19集	http://aqdygg.com/dongman/kejinwanjiadisanji/player-0-18.html
     第18集	http://aqdygg.com/dongman/kejinwanjiadisanji/player-0-17.html
     第17集	http://aqdygg.com/dongman/kejinwanjiadisanji/player-0-16.html
     第16集	http://aqdygg.com/dongman/kejinwanjiadisanji/player-0-15.html
     第15集	http://aqdygg.com/dongman/kejinwanjiadisanji/player-0-14.html
     第14集	http://aqdygg.com/dongman/kejinwanjiadisanji/player-0-13.html
     第13集	http://aqdygg.com/dongman/kejinwanjiadisanji/player-0-12.html
     第12集	http://aqdygg.com/dongman/kejinwanjiadisanji/player-0-11.html
     第11集	http://aqdygg.com/dongman/kejinwanjiadisanji/player-0-10.html
     第10集	http://aqdygg.com/dongman/kejinwanjiadisanji/player-0-9.html
     第9集	http://aqdygg.com/dongman/kejinwanjiadisanji/player-0-8.html
     第8集	http://aqdygg.com/dongman/kejinwanjiadisanji/player-0-7.html
     第7集	http://aqdygg.com/dongman/kejinwanjiadisanji/player-0-6.html
     第6集	http://aqdygg.com/dongman/kejinwanjiadisanji/player-0-5.html
     第5集	http://aqdygg.com/dongman/kejinwanjiadisanji/player-0-4.html
     第4集	http://aqdygg.com/dongman/kejinwanjiadisanji/player-0-3.html
     第3集	http://aqdygg.com/dongman/kejinwanjiadisanji/player-0-2.html
     第2集	http://aqdygg.com/dongman/kejinwanjiadisanji/player-0-1.html
     第1集	http://aqdygg.com/dongman/kejinwanjiadisanji/player-0-0.html
==================================================
标题	暴太郎战队
主演	樋口幸平
时间	2022/7/19 9:26:47
类型	动漫片
剧情	动漫片
     第20集	http://aqdygg.com/dongman/baotailangzhandui/player-0-19.html
     第19集	http://aqdygg.com/dongman/baotailangzhandui/player-0-18.html
     第18集	http://aqdygg.com/dongman/baotailangzhandui/player-0-17.html
     第17集	http://aqdygg.com/dongman/baotailangzhandui/player-0-16.html
     第16集	http://aqdygg.com/dongman/baotailangzhandui/player-0-15.html
     第15集	http://aqdygg.com/dongman/baotailangzhandui/player-0-14.html
     第14集	http://aqdygg.com/dongman/baotailangzhandui/player-0-13.html
     第13集	http://aqdygg.com/dongman/baotailangzhandui/player-0-12.html
     第12集	http://aqdygg.com/dongman/baotailangzhandui/player-0-11.html
     第11集	http://aqdygg.com/dongman/baotailangzhandui/player-0-10.html
     第10集	http://aqdygg.com/dongman/baotailangzhandui/player-0-9.html
     第9集	http://aqdygg.com/dongman/baotailangzhandui/player-0-8.html
     第8集	http://aqdygg.com/dongman/baotailangzhandui/player-0-7.html
     第7集	http://aqdygg.com/dongman/baotailangzhandui/player-0-6.html
     第6集	http://aqdygg.com/dongman/baotailangzhandui/player-0-5.html
     第5集	http://aqdygg.com/dongman/baotailangzhandui/player-0-4.html
     第4集	http://aqdygg.com/dongman/baotailangzhandui/player-0-3.html
     第3集	http://aqdygg.com/dongman/baotailangzhandui/player-0-2.html
     第2集	http://aqdygg.com/dongman/baotailangzhandui/player-0-1.html
     第1集	http://aqdygg.com/dongman/baotailangzhandui/player-0-0.html
==================================================
标题	假面骑士利维斯
主演	前田拳太郎、日向亘、井本彩花、滨尾范高、关隼汰
时间	2022/7/19 9:26:47
类型	动漫片
剧情	动漫片
     第44集	http://aqdygg.com/dongman/jiamianqishiliweisi/player-0-43.html
     第43集	http://aqdygg.com/dongman/jiamianqishiliweisi/player-0-42.html
     第42集	http://aqdygg.com/dongman/jiamianqishiliweisi/player-0-41.html
     第41集	http://aqdygg.com/dongman/jiamianqishiliweisi/player-0-40.html
     第40集	http://aqdygg.com/dongman/jiamianqishiliweisi/player-0-39.html
     第39集	http://aqdygg.com/dongman/jiamianqishiliweisi/player-0-38.html
     第38集	http://aqdygg.com/dongman/jiamianqishiliweisi/player-0-37.html
     第37集	http://aqdygg.com/dongman/jiamianqishiliweisi/player-0-36.html
     第36集	http://aqdygg.com/dongman/jiamianqishiliweisi/player-0-35.html
     第35集	http://aqdygg.com/dongman/jiamianqishiliweisi/player-0-34.html
     第34集	http://aqdygg.com/dongman/jiamianqishiliweisi/player-0-33.html
     第33集	http://aqdygg.com/dongman/jiamianqishiliweisi/player-0-32.html
     第32集	http://aqdygg.com/dongman/jiamianqishiliweisi/player-0-31.html
     第31集	http://aqdygg.com/dongman/jiamianqishiliweisi/player-0-30.html
     第30集	http://aqdygg.com/dongman/jiamianqishiliweisi/player-0-29.html
     第29集	http://aqdygg.com/dongman/jiamianqishiliweisi/player-0-28.html
     第28集	http://aqdygg.com/dongman/jiamianqishiliweisi/player-0-27.html
     第27集	http://aqdygg.com/dongman/jiamianqishiliweisi/player-0-26.html
     第26集	http://aqdygg.com/dongman/jiamianqishiliweisi/player-0-25.html
     第25集	http://aqdygg.com/dongman/jiamianqishiliweisi/player-0-24.html
     第24集	http://aqdygg.com/dongman/jiamianqishiliweisi/player-0-23.html
     第23集	http://aqdygg.com/dongman/jiamianqishiliweisi/player-0-22.html
     第22集	http://aqdygg.com/dongman/jiamianqishiliweisi/player-0-21.html
     第21集	http://aqdygg.com/dongman/jiamianqishiliweisi/player-0-20.html
     第20集	http://aqdygg.com/dongman/jiamianqishiliweisi/player-0-19.html
     第19集	http://aqdygg.com/dongman/jiamianqishiliweisi/player-0-18.html
     第18集	http://aqdygg.com/dongman/jiamianqishiliweisi/player-0-17.html
     第17集	http://aqdygg.com/dongman/jiamianqishiliweisi/player-0-16.html
     第16集	http://aqdygg.com/dongman/jiamianqishiliweisi/player-0-15.html
     第15集	http://aqdygg.com/dongman/jiamianqishiliweisi/player-0-14.html
     第14集	http://aqdygg.com/dongman/jiamianqishiliweisi/player-0-13.html
     第13集	http://aqdygg.com/dongman/jiamianqishiliweisi/player-0-12.html
     第12集	http://aqdygg.com/dongman/jiamianqishiliweisi/player-0-11.html
     第11集	http://aqdygg.com/dongman/jiamianqishiliweisi/player-0-10.html
     第10集	http://aqdygg.com/dongman/jiamianqishiliweisi/player-0-9.html
     第9集	http://aqdygg.com/dongman/jiamianqishiliweisi/player-0-8.html
     第8集	http://aqdygg.com/dongman/jiamianqishiliweisi/player-0-7.html
     第7集	http://aqdygg.com/dongman/jiamianqishiliweisi/player-0-6.html
     第6集	http://aqdygg.com/dongman/jiamianqishiliweisi/player-0-5.html
     第5集	http://aqdygg.com/dongman/jiamianqishiliweisi/player-0-4.html
     第4集	http://aqdygg.com/dongman/jiamianqishiliweisi/player-0-3.html
     第3集	http://aqdygg.com/dongman/jiamianqishiliweisi/player-0-2.html
     第2集	http://aqdygg.com/dongman/jiamianqishiliweisi/player-0-1.html
     第1集	http://aqdygg.com/dongman/jiamianqishiliweisi/player-0-0.html
==================================================
标题	无上神帝
主演	内详
时间	2022/7/19 9:25:54
类型	动漫片
剧情	动漫片
     第188集	http://aqdygg.com/dongman/wushangshendi/player-0-187.html
     第187集	http://aqdygg.com/dongman/wushangshendi/player-0-186.html
     第186集	http://aqdygg.com/dongman/wushangshendi/player-0-185.html
     第185集	http://aqdygg.com/dongman/wushangshendi/player-0-184.html
     第184集	http://aqdygg.com/dongman/wushangshendi/player-0-183.html
     第183集	http://aqdygg.com/dongman/wushangshendi/player-0-182.html
     第182集	http://aqdygg.com/dongman/wushangshendi/player-0-181.html
     第181集	http://aqdygg.com/dongman/wushangshendi/player-0-180.html
     第180集	http://aqdygg.com/dongman/wushangshendi/player-0-179.html
     第179集	http://aqdygg.com/dongman/wushangshendi/player-0-178.html
     第178集	http://aqdygg.com/dongman/wushangshendi/player-0-177.html
     第177集	http://aqdygg.com/dongman/wushangshendi/player-0-176.html
     第176集	http://aqdygg.com/dongman/wushangshendi/player-0-175.html
     第175集	http://aqdygg.com/dongman/wushangshendi/player-0-174.html
     第174集	http://aqdygg.com/dongman/wushangshendi/player-0-173.html
     第173集	http://aqdygg.com/dongman/wushangshendi/player-0-172.html
     第172集	http://aqdygg.com/dongman/wushangshendi/player-0-171.html
     第171集	http://aqdygg.com/dongman/wushangshendi/player-0-170.html
     第170集	http://aqdygg.com/dongman/wushangshendi/player-0-169.html
     第169集	http://aqdygg.com/dongman/wushangshendi/player-0-168.html
     第168集	http://aqdygg.com/dongman/wushangshendi/player-0-167.html
     第167集	http://aqdygg.com/dongman/wushangshendi/player-0-166.html
     第166集	http://aqdygg.com/dongman/wushangshendi/player-0-165.html
     第165集	http://aqdygg.com/dongman/wushangshendi/player-0-164.html
     第164集	http://aqdygg.com/dongman/wushangshendi/player-0-163.html
     第163集	http://aqdygg.com/dongman/wushangshendi/player-0-162.html
     第162集	http://aqdygg.com/dongman/wushangshendi/player-0-161.html
     第161集	http://aqdygg.com/dongman/wushangshendi/player-0-160.html
     第160集	http://aqdygg.com/dongman/wushangshendi/player-0-159.html
     第159集	http://aqdygg.com/dongman/wushangshendi/player-0-158.html
     第158集	http://aqdygg.com/dongman/wushangshendi/player-0-157.html
     第157集	http://aqdygg.com/dongman/wushangshendi/player-0-156.html
     第156集	http://aqdygg.com/dongman/wushangshendi/player-0-155.html
     第155集	http://aqdygg.com/dongman/wushangshendi/player-0-154.html
     第154集	http://aqdygg.com/dongman/wushangshendi/player-0-153.html
     第153集	http://aqdygg.com/dongman/wushangshendi/player-0-152.html
     第152集	http://aqdygg.com/dongman/wushangshendi/player-0-151.html
     第151集	http://aqdygg.com/dongman/wushangshendi/player-0-150.html
     第150集	http://aqdygg.com/dongman/wushangshendi/player-0-149.html
     第149集	http://aqdygg.com/dongman/wushangshendi/player-0-148.html
     第148集	http://aqdygg.com/dongman/wushangshendi/player-0-147.html
     第147集	http://aqdygg.com/dongman/wushangshendi/player-0-146.html
     第146集	http://aqdygg.com/dongman/wushangshendi/player-0-145.html
     第145集	http://aqdygg.com/dongman/wushangshendi/player-0-144.html
     第144集	http://aqdygg.com/dongman/wushangshendi/player-0-143.html
     第143集	http://aqdygg.com/dongman/wushangshendi/player-0-142.html
     第142集	http://aqdygg.com/dongman/wushangshendi/player-0-141.html
     第141集	http://aqdygg.com/dongman/wushangshendi/player-0-140.html
     第140集	http://aqdygg.com/dongman/wushangshendi/player-0-139.html
     第139集	http://aqdygg.com/dongman/wushangshendi/player-0-138.html
     第138集	http://aqdygg.com/dongman/wushangshendi/player-0-137.html
     第137集	http://aqdygg.com/dongman/wushangshendi/player-0-136.html
     第136集	http://aqdygg.com/dongman/wushangshendi/player-0-135.html
     第135集	http://aqdygg.com/dongman/wushangshendi/player-0-134.html
     第134集	http://aqdygg.com/dongman/wushangshendi/player-0-133.html
     第133集	http://aqdygg.com/dongman/wushangshendi/player-0-132.html
     第132集	http://aqdygg.com/dongman/wushangshendi/player-0-131.html
     第131集	http://aqdygg.com/dongman/wushangshendi/player-0-130.html
     第130集	http://aqdygg.com/dongman/wushangshendi/player-0-129.html
     第129集	http://aqdygg.com/dongman/wushangshendi/player-0-128.html
     第128集	http://aqdygg.com/dongman/wushangshendi/player-0-127.html
     第127集	http://aqdygg.com/dongman/wushangshendi/player-0-126.html
     第126集	http://aqdygg.com/dongman/wushangshendi/player-0-125.html
     第125集	http://aqdygg.com/dongman/wushangshendi/player-0-124.html
     第124集	http://aqdygg.com/dongman/wushangshendi/player-0-123.html
     第123集	http://aqdygg.com/dongman/wushangshendi/player-0-122.html
     第122集	http://aqdygg.com/dongman/wushangshendi/player-0-121.html
     第121集	http://aqdygg.com/dongman/wushangshendi/player-0-120.html
     第120集	http://aqdygg.com/dongman/wushangshendi/player-0-119.html
     第119集	http://aqdygg.com/dongman/wushangshendi/player-0-118.html
     第118集	http://aqdygg.com/dongman/wushangshendi/player-0-117.html
     第117集	http://aqdygg.com/dongman/wushangshendi/player-0-116.html
     第116集	http://aqdygg.com/dongman/wushangshendi/player-0-115.html
     第115集	http://aqdygg.com/dongman/wushangshendi/player-0-114.html
     第114集	http://aqdygg.com/dongman/wushangshendi/player-0-113.html
     第113集	http://aqdygg.com/dongman/wushangshendi/player-0-112.html
     第112集	http://aqdygg.com/dongman/wushangshendi/player-0-111.html
     第111集	http://aqdygg.com/dongman/wushangshendi/player-0-110.html
     第110集	http://aqdygg.com/dongman/wushangshendi/player-0-109.html
     第109集	http://aqdygg.com/dongman/wushangshendi/player-0-108.html
     第108集	http://aqdygg.com/dongman/wushangshendi/player-0-107.html
     第107集	http://aqdygg.com/dongman/wushangshendi/player-0-106.html
     第106集	http://aqdygg.com/dongman/wushangshendi/player-0-105.html
     第105集	http://aqdygg.com/dongman/wushangshendi/player-0-104.html
     第104集	http://aqdygg.com/dongman/wushangshendi/player-0-103.html
     第103集	http://aqdygg.com/dongman/wushangshendi/player-0-102.html
     第102集	http://aqdygg.com/dongman/wushangshendi/player-0-101.html
     第101集	http://aqdygg.com/dongman/wushangshendi/player-0-100.html
     第100集	http://aqdygg.com/dongman/wushangshendi/player-0-99.html
     第99集	http://aqdygg.com/dongman/wushangshendi/player-0-98.html
     第98集	http://aqdygg.com/dongman/wushangshendi/player-0-97.html
     第97集	http://aqdygg.com/dongman/wushangshendi/player-0-96.html
     第96集	http://aqdygg.com/dongman/wushangshendi/player-0-95.html
     第95集	http://aqdygg.com/dongman/wushangshendi/player-0-94.html
     第94集	http://aqdygg.com/dongman/wushangshendi/player-0-93.html
     第93集	http://aqdygg.com/dongman/wushangshendi/player-0-92.html
     第92集	http://aqdygg.com/dongman/wushangshendi/player-0-91.html
     第91集	http://aqdygg.com/dongman/wushangshendi/player-0-90.html
     第90集	http://aqdygg.com/dongman/wushangshendi/player-0-89.html
     第89集	http://aqdygg.com/dongman/wushangshendi/player-0-88.html
     第88集	http://aqdygg.com/dongman/wushangshendi/player-0-87.html
     第87集	http://aqdygg.com/dongman/wushangshendi/player-0-86.html
     第86集	http://aqdygg.com/dongman/wushangshendi/player-0-85.html
     第85集	http://aqdygg.com/dongman/wushangshendi/player-0-84.html
     第84集	http://aqdygg.com/dongman/wushangshendi/player-0-83.html
     第83集	http://aqdygg.com/dongman/wushangshendi/player-0-82.html
     第82集	http://aqdygg.com/dongman/wushangshendi/player-0-81.html
     第81集	http://aqdygg.com/dongman/wushangshendi/player-0-80.html
     第80集	http://aqdygg.com/dongman/wushangshendi/player-0-79.html
     第79集	http://aqdygg.com/dongman/wushangshendi/player-0-78.html
     第78集	http://aqdygg.com/dongman/wushangshendi/player-0-77.html
     第77集	http://aqdygg.com/dongman/wushangshendi/player-0-76.html
     第76集	http://aqdygg.com/dongman/wushangshendi/player-0-75.html
     第75集	http://aqdygg.com/dongman/wushangshendi/player-0-74.html
     第74集	http://aqdygg.com/dongman/wushangshendi/player-0-73.html
     第73集	http://aqdygg.com/dongman/wushangshendi/player-0-72.html
     第72集	http://aqdygg.com/dongman/wushangshendi/player-0-71.html
     第71集	http://aqdygg.com/dongman/wushangshendi/player-0-70.html
     第70集	http://aqdygg.com/dongman/wushangshendi/player-0-69.html
     第69集	http://aqdygg.com/dongman/wushangshendi/player-0-68.html
     第68集	http://aqdygg.com/dongman/wushangshendi/player-0-67.html
     第67集	http://aqdygg.com/dongman/wushangshendi/player-0-66.html
     第66集	http://aqdygg.com/dongman/wushangshendi/player-0-65.html
     第65集	http://aqdygg.com/dongman/wushangshendi/player-0-64.html
     第64集	http://aqdygg.com/dongman/wushangshendi/player-0-63.html
     第63集	http://aqdygg.com/dongman/wushangshendi/player-0-62.html
     第62集	http://aqdygg.com/dongman/wushangshendi/player-0-61.html
     第61集	http://aqdygg.com/dongman/wushangshendi/player-0-60.html
     第60集	http://aqdygg.com/dongman/wushangshendi/player-0-59.html
     第59集	http://aqdygg.com/dongman/wushangshendi/player-0-58.html
     第58集	http://aqdygg.com/dongman/wushangshendi/player-0-57.html
     第57集	http://aqdygg.com/dongman/wushangshendi/player-0-56.html
     第56集	http://aqdygg.com/dongman/wushangshendi/player-0-55.html
     第55集	http://aqdygg.com/dongman/wushangshendi/player-0-54.html
     第54集	http://aqdygg.com/dongman/wushangshendi/player-0-53.html
     第53集	http://aqdygg.com/dongman/wushangshendi/player-0-52.html
     第52集	http://aqdygg.com/dongman/wushangshendi/player-0-51.html
     第51集	http://aqdygg.com/dongman/wushangshendi/player-0-50.html
     第50集	http://aqdygg.com/dongman/wushangshendi/player-0-49.html
     第49集	http://aqdygg.com/dongman/wushangshendi/player-0-48.html
     第48集	http://aqdygg.com/dongman/wushangshendi/player-0-47.html
     第47集	http://aqdygg.com/dongman/wushangshendi/player-0-46.html
     第46集	http://aqdygg.com/dongman/wushangshendi/player-0-45.html
     第45集	http://aqdygg.com/dongman/wushangshendi/player-0-44.html
     第44集	http://aqdygg.com/dongman/wushangshendi/player-0-43.html
     第43集	http://aqdygg.com/dongman/wushangshendi/player-0-42.html
     第42集	http://aqdygg.com/dongman/wushangshendi/player-0-41.html
     第41集	http://aqdygg.com/dongman/wushangshendi/player-0-40.html
     第40集	http://aqdygg.com/dongman/wushangshendi/player-0-39.html
     第39集	http://aqdygg.com/dongman/wushangshendi/player-0-38.html
     第38集	http://aqdygg.com/dongman/wushangshendi/player-0-37.html
     第37集	http://aqdygg.com/dongman/wushangshendi/player-0-36.html
     第36集	http://aqdygg.com/dongman/wushangshendi/player-0-35.html
     第35集	http://aqdygg.com/dongman/wushangshendi/player-0-34.html
     第34集	http://aqdygg.com/dongman/wushangshendi/player-0-33.html
     第33集	http://aqdygg.com/dongman/wushangshendi/player-0-32.html
     第32集	http://aqdygg.com/dongman/wushangshendi/player-0-31.html
     第31集	http://aqdygg.com/dongman/wushangshendi/player-0-30.html
     第30集	http://aqdygg.com/dongman/wushangshendi/player-0-29.html
     第29集	http://aqdygg.com/dongman/wushangshendi/player-0-28.html
     第28集	http://aqdygg.com/dongman/wushangshendi/player-0-27.html
     第27集	http://aqdygg.com/dongman/wushangshendi/player-0-26.html
     第26集	http://aqdygg.com/dongman/wushangshendi/player-0-25.html
     第25集	http://aqdygg.com/dongman/wushangshendi/player-0-24.html
     第24集	http://aqdygg.com/dongman/wushangshendi/player-0-23.html
     第23集	http://aqdygg.com/dongman/wushangshendi/player-0-22.html
     第22集	http://aqdygg.com/dongman/wushangshendi/player-0-21.html
     第21集	http://aqdygg.com/dongman/wushangshendi/player-0-20.html
     第20集	http://aqdygg.com/dongman/wushangshendi/player-0-19.html
     第19集	http://aqdygg.com/dongman/wushangshendi/player-0-18.html
     第18集	http://aqdygg.com/dongman/wushangshendi/player-0-17.html
     第17集	http://aqdygg.com/dongman/wushangshendi/player-0-16.html
     第16集	http://aqdygg.com/dongman/wushangshendi/player-0-15.html
     第15集	http://aqdygg.com/dongman/wushangshendi/player-0-14.html
     第14集	http://aqdygg.com/dongman/wushangshendi/player-0-13.html
     第13集	http://aqdygg.com/dongman/wushangshendi/player-0-12.html
     第12集	http://aqdygg.com/dongman/wushangshendi/player-0-11.html
     第11集	http://aqdygg.com/dongman/wushangshendi/player-0-10.html
     第10集	http://aqdygg.com/dongman/wushangshendi/player-0-9.html
     第9集	http://aqdygg.com/dongman/wushangshendi/player-0-8.html
     第8集	http://aqdygg.com/dongman/wushangshendi/player-0-7.html
     第7集	http://aqdygg.com/dongman/wushangshendi/player-0-6.html
     第6集	http://aqdygg.com/dongman/wushangshendi/player-0-5.html
     第5集	http://aqdygg.com/dongman/wushangshendi/player-0-4.html
     第4集	http://aqdygg.com/dongman/wushangshendi/player-0-3.html
     第3集	http://aqdygg.com/dongman/wushangshendi/player-0-2.html
     第2集	http://aqdygg.com/dongman/wushangshendi/player-0-1.html
     第1集	http://aqdygg.com/dongman/wushangshendi/player-0-0.html
==================================================
标题	LoveLive!SuperStar!!第二季
主演	伊达小百合/黎狱/岬奈子/青山渚
时间	2022-7-19 9:30:32
类型	动漫片
剧情	动漫片
     第1集	http://aqdygg.com/dongman/LoveLiveSuperStardierji/player-1-0.html
==================================================
标题	卡片战斗先导者overDress3
主演	苍井翔太/小野友树/内田雄马/伊藤昌弘/森嶋秀太/中岛由贵
时间	2022-7-19 9:27:15
类型	动漫片
剧情	动漫片
     第3集	http://aqdygg.com/dongman/kapianzhandouxiandaozheoverDress3/player-1-2.html
     第2集	http://aqdygg.com/dongman/kapianzhandouxiandaozheoverDress3/player-1-1.html
     第1集	http://aqdygg.com/dongman/kapianzhandouxiandaozheoverDress3/player-1-0.html
==================================================
标题	仙武苍穹
主演	
时间	2022-7-19 9:27:13
类型	动漫片
剧情	动漫片
     第12集	http://aqdygg.com/dongman/xianwucangkong/player-1-11.html
     第11集	http://aqdygg.com/dongman/xianwucangkong/player-1-10.html
     第10集	http://aqdygg.com/dongman/xianwucangkong/player-1-9.html
     第9集	http://aqdygg.com/dongman/xianwucangkong/player-1-8.html
     第8集	http://aqdygg.com/dongman/xianwucangkong/player-1-7.html
     第7集	http://aqdygg.com/dongman/xianwucangkong/player-1-6.html
     第6集	http://aqdygg.com/dongman/xianwucangkong/player-1-5.html
     第5集	http://aqdygg.com/dongman/xianwucangkong/player-1-4.html
     第4集	http://aqdygg.com/dongman/xianwucangkong/player-1-3.html
     第3集	http://aqdygg.com/dongman/xianwucangkong/player-1-2.html
     第2集	http://aqdygg.com/dongman/xianwucangkong/player-1-1.html
     第1集	http://aqdygg.com/dongman/xianwucangkong/player-1-0.html
==================================================
标题	极道龙神
主演	陶有量/李鑫/李晶/苗浩生/王春瑞
时间	2022-7-19 9:27:12
类型	动漫片
剧情	动漫片
     第6集	http://aqdygg.com/dongman/jidaolongshen/player-1-5.html
     第5集	http://aqdygg.com/dongman/jidaolongshen/player-1-4.html
     第4集	http://aqdygg.com/dongman/jidaolongshen/player-1-3.html
     第3集	http://aqdygg.com/dongman/jidaolongshen/player-1-2.html
     第2集	http://aqdygg.com/dongman/jidaolongshen/player-1-1.html
     第1集	http://aqdygg.com/dongman/jidaolongshen/player-1-0.html
==================================================
标题	神级龙卫
主演	阿旦/温遇/冷离/闷狐鹿/魔王/糖醋里脊/万宝鹿/嘉褀/花信/黄师兄/邓邓/乏糕/狸花
时间	2022-7-19 9:27:12
类型	动漫片
剧情	动漫片
     第5集	http://aqdygg.com/dongman/shenjilongwei/player-1-4.html
     第4集	http://aqdygg.com/dongman/shenjilongwei/player-1-3.html
     第3集	http://aqdygg.com/dongman/shenjilongwei/player-1-2.html
     第2集	http://aqdygg.com/dongman/shenjilongwei/player-1-1.html
     第1集	http://aqdygg.com/dongman/shenjilongwei/player-1-0.html
==================================================
标题	东方少年2
主演	内田雄马/齐藤壮马/高桥李依/安野希世乃/日野聪/石谷春贵/大西沙织/前野智昭/花江夏树/中岛良树/内山昂辉/梶原岳人/下野纮/新垣樽助/和气杏未/杉田智和/羽多野涉/小西克幸/桑岛法子
时间	2022-7-19 9:27:12
类型	动漫片
剧情	动漫片
     第3集	http://aqdygg.com/dongman/dongfangshaonian2/player-1-2.html
     第2集	http://aqdygg.com/dongman/dongfangshaonian2/player-1-1.html
     第1集	http://aqdygg.com/dongman/dongfangshaonian2/player-1-0.html
==================================================
标题	欢迎来到实力至上主义教室2
主演	千叶翔也/鬼头明里/久保由利香/日高里菜/东山奈央/梅原裕一郎/水中雅章/竹达彩奈/逢坂良太/日野聪/小松未可子/小原好美/佐藤利奈
时间	2022-7-19 9:27:04
类型	动漫片
剧情	动漫片
     第3集	http://aqdygg.com/dongman/huanyinglaidaoshilizhishangzhuyijiaoshi2/player-1-2.html
     第2集	http://aqdygg.com/dongman/huanyinglaidaoshilizhishangzhuyijiaoshi2/player-1-1.html
     第1集	http://aqdygg.com/dongman/huanyinglaidaoshilizhishangzhuyijiaoshi2/player-1-0.html
==================================================
标题	转生贤者的异世界生活·获得第二职业，并成为世界最强
主演	小林千晃
时间	2022-7-19 9:27:04
类型	动漫片
剧情	动漫片
     第4集	http://aqdygg.com/dongman/zhuanshengxianzhedeyishijieshenghuohuodedierzhiyebingchengweishijiezuiqiang/player-1-3.html
     第3集	http://aqdygg.com/dongman/zhuanshengxianzhedeyishijieshenghuohuodedierzhiyebingchengweishijiezuiqiang/player-1-2.html
     第2集	http://aqdygg.com/dongman/zhuanshengxianzhedeyishijieshenghuohuodedierzhiyebingchengweishijiezuiqiang/player-1-1.html
     第1集	http://aqdygg.com/dongman/zhuanshengxianzhedeyishijieshenghuohuodedierzhiyebingchengweishijiezuiqiang/player-1-0.html
==================================================
标题	顶点
主演	佐佐木未来/寺川爱美/伊藤彩沙
时间	2022-7-19 9:26:56
类型	动漫片
剧情	动漫片
     第2集	http://aqdygg.com/dongman/dingdian/player-1-1.html
     第1集	http://aqdygg.com/dongman/dingdian/player-1-0.html
==================================================
标题	王者天下第四季
主演	森田成一/福山润/钉宫理惠/日笠阳子/宫田幸季/玄田哲章/诹访部顺一/仲野裕/伊藤健太郎/楠大典/加藤亮夫/堀内贤雄/伊藤和晃/细谷佳正/野岛裕史/森川智之/浪川大辅/田中敦子
时间	2022-7-19 9:26:49
类型	动漫片
剧情	动漫片
     第15集	http://aqdygg.com/dongman/wangzhetianxiadisiji/player-1-14.html
     第14集	http://aqdygg.com/dongman/wangzhetianxiadisiji/player-1-13.html
     第13集	http://aqdygg.com/dongman/wangzhetianxiadisiji/player-1-12.html
     第12集	http://aqdygg.com/dongman/wangzhetianxiadisiji/player-1-11.html
     第11集	http://aqdygg.com/dongman/wangzhetianxiadisiji/player-1-10.html
     第10集	http://aqdygg.com/dongman/wangzhetianxiadisiji/player-1-9.html
     第9集	http://aqdygg.com/dongman/wangzhetianxiadisiji/player-1-8.html
     第8集	http://aqdygg.com/dongman/wangzhetianxiadisiji/player-1-7.html
     第7集	http://aqdygg.com/dongman/wangzhetianxiadisiji/player-1-6.html
     第6集	http://aqdygg.com/dongman/wangzhetianxiadisiji/player-1-5.html
     第5集	http://aqdygg.com/dongman/wangzhetianxiadisiji/player-1-4.html
     第4集	http://aqdygg.com/dongman/wangzhetianxiadisiji/player-1-3.html
     第3集	http://aqdygg.com/dongman/wangzhetianxiadisiji/player-1-2.html
     第2集	http://aqdygg.com/dongman/wangzhetianxiadisiji/player-1-1.html
     第1集	http://aqdygg.com/dongman/wangzhetianxiadisiji/player-1-0.html
==================================================
标题	九天玄帝诀第二季
主演	
时间	2022-7-19 9:26:49
类型	动漫片
剧情	动漫片
     第23集	http://aqdygg.com/dongman/jiutianxuandijuedierji/player-1-22.html
     第22集	http://aqdygg.com/dongman/jiutianxuandijuedierji/player-1-21.html
     第21集	http://aqdygg.com/dongman/jiutianxuandijuedierji/player-1-20.html
     第20集	http://aqdygg.com/dongman/jiutianxuandijuedierji/player-1-19.html
     第19集	http://aqdygg.com/dongman/jiutianxuandijuedierji/player-1-18.html
     第18集	http://aqdygg.com/dongman/jiutianxuandijuedierji/player-1-17.html
     第17集	http://aqdygg.com/dongman/jiutianxuandijuedierji/player-1-16.html
     第16集	http://aqdygg.com/dongman/jiutianxuandijuedierji/player-1-15.html
     第15集	http://aqdygg.com/dongman/jiutianxuandijuedierji/player-1-14.html
     第14集	http://aqdygg.com/dongman/jiutianxuandijuedierji/player-1-13.html
     第13集	http://aqdygg.com/dongman/jiutianxuandijuedierji/player-1-12.html
     第12集	http://aqdygg.com/dongman/jiutianxuandijuedierji/player-1-11.html
     第11集	http://aqdygg.com/dongman/jiutianxuandijuedierji/player-1-10.html
     第10集	http://aqdygg.com/dongman/jiutianxuandijuedierji/player-1-9.html
     第9集	http://aqdygg.com/dongman/jiutianxuandijuedierji/player-1-8.html
     第8集	http://aqdygg.com/dongman/jiutianxuandijuedierji/player-1-7.html
     第7集	http://aqdygg.com/dongman/jiutianxuandijuedierji/player-1-6.html
     第6集	http://aqdygg.com/dongman/jiutianxuandijuedierji/player-1-5.html
     第5集	http://aqdygg.com/dongman/jiutianxuandijuedierji/player-1-4.html
     第4集	http://aqdygg.com/dongman/jiutianxuandijuedierji/player-1-3.html
     第3集	http://aqdygg.com/dongman/jiutianxuandijuedierji/player-1-2.html
     第2集	http://aqdygg.com/dongman/jiutianxuandijuedierji/player-1-1.html
     第1集	http://aqdygg.com/dongman/jiutianxuandijuedierji/player-1-0.html
==================================================
标题	书灵记第三季
主演	
时间	2022-7-19 9:26:49
类型	动漫片
剧情	动漫片
     第21集	http://aqdygg.com/dongman/shulingjidisanji/player-1-20.html
     第20集	http://aqdygg.com/dongman/shulingjidisanji/player-1-19.html
     第19集	http://aqdygg.com/dongman/shulingjidisanji/player-1-18.html
     第18集	http://aqdygg.com/dongman/shulingjidisanji/player-1-17.html
     第17集	http://aqdygg.com/dongman/shulingjidisanji/player-1-16.html
     第16集	http://aqdygg.com/dongman/shulingjidisanji/player-1-15.html
     第15集	http://aqdygg.com/dongman/shulingjidisanji/player-1-14.html
     第14集	http://aqdygg.com/dongman/shulingjidisanji/player-1-13.html
     第13集	http://aqdygg.com/dongman/shulingjidisanji/player-1-12.html
     第12集	http://aqdygg.com/dongman/shulingjidisanji/player-1-11.html
     第11集	http://aqdygg.com/dongman/shulingjidisanji/player-1-10.html
     第10集	http://aqdygg.com/dongman/shulingjidisanji/player-1-9.html
     第9集	http://aqdygg.com/dongman/shulingjidisanji/player-1-8.html
     第8集	http://aqdygg.com/dongman/shulingjidisanji/player-1-7.html
     第7集	http://aqdygg.com/dongman/shulingjidisanji/player-1-6.html
     第6集	http://aqdygg.com/dongman/shulingjidisanji/player-1-5.html
     第5集	http://aqdygg.com/dongman/shulingjidisanji/player-1-4.html
     第4集	http://aqdygg.com/dongman/shulingjidisanji/player-1-3.html
     第3集	http://aqdygg.com/dongman/shulingjidisanji/player-1-2.html
     第2集	http://aqdygg.com/dongman/shulingjidisanji/player-1-1.html
     第1集	http://aqdygg.com/dongman/shulingjidisanji/player-1-0.html
==================================================
标题	氪金玩家第三季
主演	
时间	2022-7-19 9:26:48
类型	动漫片
剧情	动漫片
     第35集	http://aqdygg.com/dongman/kejinwanjiadisanji/player-1-34.html
     第34集	http://aqdygg.com/dongman/kejinwanjiadisanji/player-1-33.html
     第33集	http://aqdygg.com/dongman/kejinwanjiadisanji/player-1-32.html
     第32集	http://aqdygg.com/dongman/kejinwanjiadisanji/player-1-31.html
     第31集	http://aqdygg.com/dongman/kejinwanjiadisanji/player-1-30.html
     第30集	http://aqdygg.com/dongman/kejinwanjiadisanji/player-1-29.html
     第29集	http://aqdygg.com/dongman/kejinwanjiadisanji/player-1-28.html
     第28集	http://aqdygg.com/dongman/kejinwanjiadisanji/player-1-27.html
     第27集	http://aqdygg.com/dongman/kejinwanjiadisanji/player-1-26.html
     第26集	http://aqdygg.com/dongman/kejinwanjiadisanji/player-1-25.html
     第25集	http://aqdygg.com/dongman/kejinwanjiadisanji/player-1-24.html
     第24集	http://aqdygg.com/dongman/kejinwanjiadisanji/player-1-23.html
     第23集	http://aqdygg.com/dongman/kejinwanjiadisanji/player-1-22.html
     第22集	http://aqdygg.com/dongman/kejinwanjiadisanji/player-1-21.html
     第21集	http://aqdygg.com/dongman/kejinwanjiadisanji/player-1-20.html
     第20集	http://aqdygg.com/dongman/kejinwanjiadisanji/player-1-19.html
     第19集	http://aqdygg.com/dongman/kejinwanjiadisanji/player-1-18.html
     第18集	http://aqdygg.com/dongman/kejinwanjiadisanji/player-1-17.html
     第17集	http://aqdygg.com/dongman/kejinwanjiadisanji/player-1-16.html
     第16集	http://aqdygg.com/dongman/kejinwanjiadisanji/player-1-15.html
     第15集	http://aqdygg.com/dongman/kejinwanjiadisanji/player-1-14.html
     第14集	http://aqdygg.com/dongman/kejinwanjiadisanji/player-1-13.html
     第13集	http://aqdygg.com/dongman/kejinwanjiadisanji/player-1-12.html
     第12集	http://aqdygg.com/dongman/kejinwanjiadisanji/player-1-11.html
     第11集	http://aqdygg.com/dongman/kejinwanjiadisanji/player-1-10.html
     第10集	http://aqdygg.com/dongman/kejinwanjiadisanji/player-1-9.html
     第9集	http://aqdygg.com/dongman/kejinwanjiadisanji/player-1-8.html
     第8集	http://aqdygg.com/dongman/kejinwanjiadisanji/player-1-7.html
     第7集	http://aqdygg.com/dongman/kejinwanjiadisanji/player-1-6.html
     第6集	http://aqdygg.com/dongman/kejinwanjiadisanji/player-1-5.html
     第5集	http://aqdygg.com/dongman/kejinwanjiadisanji/player-1-4.html
     第4集	http://aqdygg.com/dongman/kejinwanjiadisanji/player-1-3.html
     第3集	http://aqdygg.com/dongman/kejinwanjiadisanji/player-1-2.html
     第2集	http://aqdygg.com/dongman/kejinwanjiadisanji/player-1-1.html
     第1集	http://aqdygg.com/dongman/kejinwanjiadisanji/player-1-0.html
==================================================
标题	暴太郎战队
主演	樋口幸平
时间	2022-7-19 9:26:47
类型	动漫片
剧情	动漫片
     第20集	http://aqdygg.com/dongman/baotailangzhandui/player-1-19.html
     第19集	http://aqdygg.com/dongman/baotailangzhandui/player-1-18.html
     第18集	http://aqdygg.com/dongman/baotailangzhandui/player-1-17.html
     第17集	http://aqdygg.com/dongman/baotailangzhandui/player-1-16.html
     第16集	http://aqdygg.com/dongman/baotailangzhandui/player-1-15.html
     第15集	http://aqdygg.com/dongman/baotailangzhandui/player-1-14.html
     第14集	http://aqdygg.com/dongman/baotailangzhandui/player-1-13.html
     第13集	http://aqdygg.com/dongman/baotailangzhandui/player-1-12.html
     第12集	http://aqdygg.com/dongman/baotailangzhandui/player-1-11.html
     第11集	http://aqdygg.com/dongman/baotailangzhandui/player-1-10.html
     第10集	http://aqdygg.com/dongman/baotailangzhandui/player-1-9.html
     第9集	http://aqdygg.com/dongman/baotailangzhandui/player-1-8.html
     第8集	http://aqdygg.com/dongman/baotailangzhandui/player-1-7.html
     第7集	http://aqdygg.com/dongman/baotailangzhandui/player-1-6.html
     第6集	http://aqdygg.com/dongman/baotailangzhandui/player-1-5.html
     第5集	http://aqdygg.com/dongman/baotailangzhandui/player-1-4.html
     第4集	http://aqdygg.com/dongman/baotailangzhandui/player-1-3.html
     第3集	http://aqdygg.com/dongman/baotailangzhandui/player-1-2.html
     第2集	http://aqdygg.com/dongman/baotailangzhandui/player-1-1.html
     第1集	http://aqdygg.com/dongman/baotailangzhandui/player-1-0.html
==================================================
标题	假面骑士利维斯
主演	前田拳太郎、日向亘、井本彩花、滨尾范高、关隼汰
时间	2022-7-19 9:26:47
类型	动漫片
剧情	动漫片
     第44集	http://aqdygg.com/dongman/jiamianqishiliweisi/player-1-43.html
     第43集	http://aqdygg.com/dongman/jiamianqishiliweisi/player-1-42.html
     第42集	http://aqdygg.com/dongman/jiamianqishiliweisi/player-1-41.html
     第41集	http://aqdygg.com/dongman/jiamianqishiliweisi/player-1-40.html
     第40集	http://aqdygg.com/dongman/jiamianqishiliweisi/player-1-39.html
     第39集	http://aqdygg.com/dongman/jiamianqishiliweisi/player-1-38.html
     第38集	http://aqdygg.com/dongman/jiamianqishiliweisi/player-1-37.html
     第37集	http://aqdygg.com/dongman/jiamianqishiliweisi/player-1-36.html
     第36集	http://aqdygg.com/dongman/jiamianqishiliweisi/player-1-35.html
     第35集	http://aqdygg.com/dongman/jiamianqishiliweisi/player-1-34.html
     第34集	http://aqdygg.com/dongman/jiamianqishiliweisi/player-1-33.html
     第33集	http://aqdygg.com/dongman/jiamianqishiliweisi/player-1-32.html
     第32集	http://aqdygg.com/dongman/jiamianqishiliweisi/player-1-31.html
     第31集	http://aqdygg.com/dongman/jiamianqishiliweisi/player-1-30.html
     第30集	http://aqdygg.com/dongman/jiamianqishiliweisi/player-1-29.html
     第29集	http://aqdygg.com/dongman/jiamianqishiliweisi/player-1-28.html
     第28集	http://aqdygg.com/dongman/jiamianqishiliweisi/player-1-27.html
     第27集	http://aqdygg.com/dongman/jiamianqishiliweisi/player-1-26.html
     第26集	http://aqdygg.com/dongman/jiamianqishiliweisi/player-1-25.html
     第25集	http://aqdygg.com/dongman/jiamianqishiliweisi/player-1-24.html
     第24集	http://aqdygg.com/dongman/jiamianqishiliweisi/player-1-23.html
     第23集	http://aqdygg.com/dongman/jiamianqishiliweisi/player-1-22.html
     第22集	http://aqdygg.com/dongman/jiamianqishiliweisi/player-1-21.html
     第21集	http://aqdygg.com/dongman/jiamianqishiliweisi/player-1-20.html
     第20集	http://aqdygg.com/dongman/jiamianqishiliweisi/player-1-19.html
     第19集	http://aqdygg.com/dongman/jiamianqishiliweisi/player-1-18.html
     第18集	http://aqdygg.com/dongman/jiamianqishiliweisi/player-1-17.html
     第17集	http://aqdygg.com/dongman/jiamianqishiliweisi/player-1-16.html
     第16集	http://aqdygg.com/dongman/jiamianqishiliweisi/player-1-15.html
     第15集	http://aqdygg.com/dongman/jiamianqishiliweisi/player-1-14.html
     第14集	http://aqdygg.com/dongman/jiamianqishiliweisi/player-1-13.html
     第13集	http://aqdygg.com/dongman/jiamianqishiliweisi/player-1-12.html
     第12集	http://aqdygg.com/dongman/jiamianqishiliweisi/player-1-11.html
     第11集	http://aqdygg.com/dongman/jiamianqishiliweisi/player-1-10.html
     第10集	http://aqdygg.com/dongman/jiamianqishiliweisi/player-1-9.html
     第9集	http://aqdygg.com/dongman/jiamianqishiliweisi/player-1-8.html
     第8集	http://aqdygg.com/dongman/jiamianqishiliweisi/player-1-7.html
     第7集	http://aqdygg.com/dongman/jiamianqishiliweisi/player-1-6.html
     第6集	http://aqdygg.com/dongman/jiamianqishiliweisi/player-1-5.html
     第5集	http://aqdygg.com/dongman/jiamianqishiliweisi/player-1-4.html
     第4集	http://aqdygg.com/dongman/jiamianqishiliweisi/player-1-3.html
     第3集	http://aqdygg.com/dongman/jiamianqishiliweisi/player-1-2.html
     第2集	http://aqdygg.com/dongman/jiamianqishiliweisi/player-1-1.html
     第1集	http://aqdygg.com/dongman/jiamianqishiliweisi/player-1-0.html
==================================================
标题	无上神帝
主演	内详
时间	2022-7-19 9:25:54
类型	动漫片
剧情	动漫片
     第188集	http://aqdygg.com/dongman/wushangshendi/player-1-187.html
     第187集	http://aqdygg.com/dongman/wushangshendi/player-1-186.html
     第186集	http://aqdygg.com/dongman/wushangshendi/player-1-185.html
     第185集	http://aqdygg.com/dongman/wushangshendi/player-1-184.html
     第184集	http://aqdygg.com/dongman/wushangshendi/player-1-183.html
     第183集	http://aqdygg.com/dongman/wushangshendi/player-1-182.html
     第182集	http://aqdygg.com/dongman/wushangshendi/player-1-181.html
     第181集	http://aqdygg.com/dongman/wushangshendi/player-1-180.html
     第180集	http://aqdygg.com/dongman/wushangshendi/player-1-179.html
     第179集	http://aqdygg.com/dongman/wushangshendi/player-1-178.html
     第178集	http://aqdygg.com/dongman/wushangshendi/player-1-177.html
     第177集	http://aqdygg.com/dongman/wushangshendi/player-1-176.html
     第176集	http://aqdygg.com/dongman/wushangshendi/player-1-175.html
     第175集	http://aqdygg.com/dongman/wushangshendi/player-1-174.html
     第174集	http://aqdygg.com/dongman/wushangshendi/player-1-173.html
     第173集	http://aqdygg.com/dongman/wushangshendi/player-1-172.html
     第172集	http://aqdygg.com/dongman/wushangshendi/player-1-171.html
     第171集	http://aqdygg.com/dongman/wushangshendi/player-1-170.html
     第170集	http://aqdygg.com/dongman/wushangshendi/player-1-169.html
     第169集	http://aqdygg.com/dongman/wushangshendi/player-1-168.html
     第168集	http://aqdygg.com/dongman/wushangshendi/player-1-167.html
     第167集	http://aqdygg.com/dongman/wushangshendi/player-1-166.html
     第166集	http://aqdygg.com/dongman/wushangshendi/player-1-165.html
     第165集	http://aqdygg.com/dongman/wushangshendi/player-1-164.html
     第164集	http://aqdygg.com/dongman/wushangshendi/player-1-163.html
     第163集	http://aqdygg.com/dongman/wushangshendi/player-1-162.html
     第162集	http://aqdygg.com/dongman/wushangshendi/player-1-161.html
     第161集	http://aqdygg.com/dongman/wushangshendi/player-1-160.html
     第160集	http://aqdygg.com/dongman/wushangshendi/player-1-159.html
     第159集	http://aqdygg.com/dongman/wushangshendi/player-1-158.html
     第158集	http://aqdygg.com/dongman/wushangshendi/player-1-157.html
     第157集	http://aqdygg.com/dongman/wushangshendi/player-1-156.html
     第156集	http://aqdygg.com/dongman/wushangshendi/player-1-155.html
     第155集	http://aqdygg.com/dongman/wushangshendi/player-1-154.html
     第154集	http://aqdygg.com/dongman/wushangshendi/player-1-153.html
     第153集	http://aqdygg.com/dongman/wushangshendi/player-1-152.html
     第152集	http://aqdygg.com/dongman/wushangshendi/player-1-151.html
     第151集	http://aqdygg.com/dongman/wushangshendi/player-1-150.html
     第150集	http://aqdygg.com/dongman/wushangshendi/player-1-149.html
     第149集	http://aqdygg.com/dongman/wushangshendi/player-1-148.html
     第148集	http://aqdygg.com/dongman/wushangshendi/player-1-147.html
     第147集	http://aqdygg.com/dongman/wushangshendi/player-1-146.html
     第146集	http://aqdygg.com/dongman/wushangshendi/player-1-145.html
     第145集	http://aqdygg.com/dongman/wushangshendi/player-1-144.html
     第144集	http://aqdygg.com/dongman/wushangshendi/player-1-143.html
     第143集	http://aqdygg.com/dongman/wushangshendi/player-1-142.html
     第142集	http://aqdygg.com/dongman/wushangshendi/player-1-141.html
     第141集	http://aqdygg.com/dongman/wushangshendi/player-1-140.html
     第140集	http://aqdygg.com/dongman/wushangshendi/player-1-139.html
     第139集	http://aqdygg.com/dongman/wushangshendi/player-1-138.html
     第138集	http://aqdygg.com/dongman/wushangshendi/player-1-137.html
     第137集	http://aqdygg.com/dongman/wushangshendi/player-1-136.html
     第136集	http://aqdygg.com/dongman/wushangshendi/player-1-135.html
     第135集	http://aqdygg.com/dongman/wushangshendi/player-1-134.html
     第134集	http://aqdygg.com/dongman/wushangshendi/player-1-133.html
     第133集	http://aqdygg.com/dongman/wushangshendi/player-1-132.html
     第132集	http://aqdygg.com/dongman/wushangshendi/player-1-131.html
     第131集	http://aqdygg.com/dongman/wushangshendi/player-1-130.html
     第130集	http://aqdygg.com/dongman/wushangshendi/player-1-129.html
     第129集	http://aqdygg.com/dongman/wushangshendi/player-1-128.html
     第128集	http://aqdygg.com/dongman/wushangshendi/player-1-127.html
     第127集	http://aqdygg.com/dongman/wushangshendi/player-1-126.html
     第126集	http://aqdygg.com/dongman/wushangshendi/player-1-125.html
     第125集	http://aqdygg.com/dongman/wushangshendi/player-1-124.html
     第124集	http://aqdygg.com/dongman/wushangshendi/player-1-123.html
     第123集	http://aqdygg.com/dongman/wushangshendi/player-1-122.html
     第122集	http://aqdygg.com/dongman/wushangshendi/player-1-121.html
     第121集	http://aqdygg.com/dongman/wushangshendi/player-1-120.html
     第120集	http://aqdygg.com/dongman/wushangshendi/player-1-119.html
     第119集	http://aqdygg.com/dongman/wushangshendi/player-1-118.html
     第118集	http://aqdygg.com/dongman/wushangshendi/player-1-117.html
     第117集	http://aqdygg.com/dongman/wushangshendi/player-1-116.html
     第116集	http://aqdygg.com/dongman/wushangshendi/player-1-115.html
     第115集	http://aqdygg.com/dongman/wushangshendi/player-1-114.html
     第114集	http://aqdygg.com/dongman/wushangshendi/player-1-113.html
     第113集	http://aqdygg.com/dongman/wushangshendi/player-1-112.html
     第112集	http://aqdygg.com/dongman/wushangshendi/player-1-111.html
     第111集	http://aqdygg.com/dongman/wushangshendi/player-1-110.html
     第110集	http://aqdygg.com/dongman/wushangshendi/player-1-109.html
     第109集	http://aqdygg.com/dongman/wushangshendi/player-1-108.html
     第108集	http://aqdygg.com/dongman/wushangshendi/player-1-107.html
     第107集	http://aqdygg.com/dongman/wushangshendi/player-1-106.html
     第106集	http://aqdygg.com/dongman/wushangshendi/player-1-105.html
     第105集	http://aqdygg.com/dongman/wushangshendi/player-1-104.html
     第104集	http://aqdygg.com/dongman/wushangshendi/player-1-103.html
     第103集	http://aqdygg.com/dongman/wushangshendi/player-1-102.html
     第102集	http://aqdygg.com/dongman/wushangshendi/player-1-101.html
     第101集	http://aqdygg.com/dongman/wushangshendi/player-1-100.html
     第100集	http://aqdygg.com/dongman/wushangshendi/player-1-99.html
     第99集	http://aqdygg.com/dongman/wushangshendi/player-1-98.html
     第98集	http://aqdygg.com/dongman/wushangshendi/player-1-97.html
     第97集	http://aqdygg.com/dongman/wushangshendi/player-1-96.html
     第96集	http://aqdygg.com/dongman/wushangshendi/player-1-95.html
     第95集	http://aqdygg.com/dongman/wushangshendi/player-1-94.html
     第94集	http://aqdygg.com/dongman/wushangshendi/player-1-93.html
     第93集	http://aqdygg.com/dongman/wushangshendi/player-1-92.html
     第92集	http://aqdygg.com/dongman/wushangshendi/player-1-91.html
     第91集	http://aqdygg.com/dongman/wushangshendi/player-1-90.html
     第90集	http://aqdygg.com/dongman/wushangshendi/player-1-89.html
     第89集	http://aqdygg.com/dongman/wushangshendi/player-1-88.html
     第88集	http://aqdygg.com/dongman/wushangshendi/player-1-87.html
     第87集	http://aqdygg.com/dongman/wushangshendi/player-1-86.html
     第86集	http://aqdygg.com/dongman/wushangshendi/player-1-85.html
     第85集	http://aqdygg.com/dongman/wushangshendi/player-1-84.html
     第84集	http://aqdygg.com/dongman/wushangshendi/player-1-83.html
     第83集	http://aqdygg.com/dongman/wushangshendi/player-1-82.html
     第82集	http://aqdygg.com/dongman/wushangshendi/player-1-81.html
     第81集	http://aqdygg.com/dongman/wushangshendi/player-1-80.html
     第80集	http://aqdygg.com/dongman/wushangshendi/player-1-79.html
     第79集	http://aqdygg.com/dongman/wushangshendi/player-1-78.html
     第78集	http://aqdygg.com/dongman/wushangshendi/player-1-77.html
     第77集	http://aqdygg.com/dongman/wushangshendi/player-1-76.html
     第76集	http://aqdygg.com/dongman/wushangshendi/player-1-75.html
     第75集	http://aqdygg.com/dongman/wushangshendi/player-1-74.html
     第74集	http://aqdygg.com/dongman/wushangshendi/player-1-73.html
     第73集	http://aqdygg.com/dongman/wushangshendi/player-1-72.html
     第72集	http://aqdygg.com/dongman/wushangshendi/player-1-71.html
     第71集	http://aqdygg.com/dongman/wushangshendi/player-1-70.html
     第70集	http://aqdygg.com/dongman/wushangshendi/player-1-69.html
     第69集	http://aqdygg.com/dongman/wushangshendi/player-1-68.html
     第68集	http://aqdygg.com/dongman/wushangshendi/player-1-67.html
     第67集	http://aqdygg.com/dongman/wushangshendi/player-1-66.html
     第66集	http://aqdygg.com/dongman/wushangshendi/player-1-65.html
     第65集	http://aqdygg.com/dongman/wushangshendi/player-1-64.html
     第64集	http://aqdygg.com/dongman/wushangshendi/player-1-63.html
     第63集	http://aqdygg.com/dongman/wushangshendi/player-1-62.html
     第62集	http://aqdygg.com/dongman/wushangshendi/player-1-61.html
     第61集	http://aqdygg.com/dongman/wushangshendi/player-1-60.html
     第60集	http://aqdygg.com/dongman/wushangshendi/player-1-59.html
     第59集	http://aqdygg.com/dongman/wushangshendi/player-1-58.html
     第58集	http://aqdygg.com/dongman/wushangshendi/player-1-57.html
     第57集	http://aqdygg.com/dongman/wushangshendi/player-1-56.html
     第56集	http://aqdygg.com/dongman/wushangshendi/player-1-55.html
     第55集	http://aqdygg.com/dongman/wushangshendi/player-1-54.html
     第54集	http://aqdygg.com/dongman/wushangshendi/player-1-53.html
     第53集	http://aqdygg.com/dongman/wushangshendi/player-1-52.html
     第52集	http://aqdygg.com/dongman/wushangshendi/player-1-51.html
     第51集	http://aqdygg.com/dongman/wushangshendi/player-1-50.html
     第50集	http://aqdygg.com/dongman/wushangshendi/player-1-49.html
     第49集	http://aqdygg.com/dongman/wushangshendi/player-1-48.html
     第48集	http://aqdygg.com/dongman/wushangshendi/player-1-47.html
     第47集	http://aqdygg.com/dongman/wushangshendi/player-1-46.html
     第46集	http://aqdygg.com/dongman/wushangshendi/player-1-45.html
     第45集	http://aqdygg.com/dongman/wushangshendi/player-1-44.html
     第44集	http://aqdygg.com/dongman/wushangshendi/player-1-43.html
     第43集	http://aqdygg.com/dongman/wushangshendi/player-1-42.html
     第42集	http://aqdygg.com/dongman/wushangshendi/player-1-41.html
     第41集	http://aqdygg.com/dongman/wushangshendi/player-1-40.html
     第40集	http://aqdygg.com/dongman/wushangshendi/player-1-39.html
     第39集	http://aqdygg.com/dongman/wushangshendi/player-1-38.html
     第38集	http://aqdygg.com/dongman/wushangshendi/player-1-37.html
     第37集	http://aqdygg.com/dongman/wushangshendi/player-1-36.html
     第36集	http://aqdygg.com/dongman/wushangshendi/player-1-35.html
     第35集	http://aqdygg.com/dongman/wushangshendi/player-1-34.html
     第34集	http://aqdygg.com/dongman/wushangshendi/player-1-33.html
     第33集	http://aqdygg.com/dongman/wushangshendi/player-1-32.html
     第32集	http://aqdygg.com/dongman/wushangshendi/player-1-31.html
     第31集	http://aqdygg.com/dongman/wushangshendi/player-1-30.html
     第30集	http://aqdygg.com/dongman/wushangshendi/player-1-29.html
     第29集	http://aqdygg.com/dongman/wushangshendi/player-1-28.html
     第28集	http://aqdygg.com/dongman/wushangshendi/player-1-27.html
     第27集	http://aqdygg.com/dongman/wushangshendi/player-1-26.html
     第26集	http://aqdygg.com/dongman/wushangshendi/player-1-25.html
     第25集	http://aqdygg.com/dongman/wushangshendi/player-1-24.html
     第24集	http://aqdygg.com/dongman/wushangshendi/player-1-23.html
     第23集	http://aqdygg.com/dongman/wushangshendi/player-1-22.html
     第22集	http://aqdygg.com/dongman/wushangshendi/player-1-21.html
     第21集	http://aqdygg.com/dongman/wushangshendi/player-1-20.html
     第20集	http://aqdygg.com/dongman/wushangshendi/player-1-19.html
     第19集	http://aqdygg.com/dongman/wushangshendi/player-1-18.html
     第18集	http://aqdygg.com/dongman/wushangshendi/player-1-17.html
     第17集	http://aqdygg.com/dongman/wushangshendi/player-1-16.html
     第16集	http://aqdygg.com/dongman/wushangshendi/player-1-15.html
     第15集	http://aqdygg.com/dongman/wushangshendi/player-1-14.html
     第14集	http://aqdygg.com/dongman/wushangshendi/player-1-13.html
     第13集	http://aqdygg.com/dongman/wushangshendi/player-1-12.html
     第12集	http://aqdygg.com/dongman/wushangshendi/player-1-11.html
     第11集	http://aqdygg.com/dongman/wushangshendi/player-1-10.html
     第10集	http://aqdygg.com/dongman/wushangshendi/player-1-9.html
     第9集	http://aqdygg.com/dongman/wushangshendi/player-1-8.html
     第8集	http://aqdygg.com/dongman/wushangshendi/player-1-7.html
     第7集	http://aqdygg.com/dongman/wushangshendi/player-1-6.html
     第6集	http://aqdygg.com/dongman/wushangshendi/player-1-5.html
     第5集	http://aqdygg.com/dongman/wushangshendi/player-1-4.html
     第4集	http://aqdygg.com/dongman/wushangshendi/player-1-3.html
     第3集	http://aqdygg.com/dongman/wushangshendi/player-1-2.html
     第2集	http://aqdygg.com/dongman/wushangshendi/player-1-1.html
     第1集	http://aqdygg.com/dongman/wushangshendi/player-1-0.html
==================================================
